forename,company_name,company_location,google_reviews,email,phone_number
,D&DO Service.Inc,"Miami, Florida",24,,+1 786-266-0642
,Direct Air Conditioning,"Miami, Florida",2546,,+1 786-884-5021
,Central Comfort Air Conditioning,"Miami, Florida",1676,,+1 305-680-5877
,Dade Super Cool Air Conditioning,"Miami, Florida",333,,+1 305-233-3915
,Rex Air,"Islamorada, Florida",756,,+1 305-852-8230
,RCI Air Conditioning Company,"Miami, Florida",527,,+1 305-396-3728
,Aircool Miami Services Inc,"Homestead, Florida",232,,+1 305-796-2724
,Trinity Air Conditioning,"Miami, Florida",434,,+1 305-256-9099
,Air On Demand,"Miami, Florida",653,,+1 305-259-5669
,One Hour Air Conditioning & Heating,"Miami, Florida",843,,+1 305-330-3910
,A-Max Air Conditioning,"Miami, Florida",514,,+1 305-203-3203
,Xtreme Hvac Services,"Miami, Florida",29,,+1 786-222-0693
,HVAC MADRIZ LLC,"Cutler Bay, Florida",4,,+1 844-833-1087
,Coolest Air Conditioning,"Miami, Florida",116,,+1 786-357-4250
,"AC Rescue, LLC","Miami, Florida",36,,+1 786-357-8428
,Artic Temp of the Florida Keys,"Marathon, Florida",80,,+1 305-743-5288
,Quality Comfort Experts,"Tavernier, Florida",30,,+1 305-741-7855
,Florida Keys Air Conditioning,"Marathon, Florida",69,floridakeysac@comcast.net,+1 305-289-9515
,Florida Keys Air Conditioning,"Marathon, Florida",69,usemailfloridakeysac@comcast.netphone,+1 305-289-9515
,Chills Air Conditioning Miami,"Miami, Florida",44,,+1 305-767-7040
,Journey HVAC Inc,"Miami, Florida",19,,+1 305-900-6391
,Key Largo Air Conditioning & Heating,"Key Largo, Florida",15,,+1 645-600-2188
,HVAC Contractor Near Me by HCNM,"Miami, Florida",3,,+1 645-238-2059
,Polar Technicians,"Homestead, Florida",22,,+1 786-921-5528
,Florida Cool Tech,"Miami, Florida",92,emmanuel@floridacooltech.com,+1 866-213-8324
,Homestead Air Conditioning & Heating,"Homestead, Florida",35,,+1 305-247-7532
,Usa Cooling LLC,"Miami, Florida",10,,+1 786-566-9716
,Miami HVAC Solutions,"Miami, Florida",7,,+1 645-215-0370
,United Breeze,,95,,+1 305-262-2530
,AAA HVAC Service & Repairs,,24,,+1 305-731-0160
,Refricenter Tamiami | HVAC Supply,"Miami, Florida",47,,+1 786-360-0660
,Tri County Cooling,"Miami, Florida",44,,+1 786-350-6906
,SubZero Masters,"Miami, Florida",33,,+1 786-830-9387
,Coastline A/C & Refrigeration Inc,,19,,+1 786-343-4710
,Climate Control Inc.,"Miami, Florida",13,,+1 786-732-4045
,Delta Cool,"Miami, Florida",12,,+1 305-459-3201
,Mechanical Cooling Services LLC,,21,,+1 305-849-7242
,Sunny Bliss Plumbing & Air,"Pinecrest, Florida",353,,+1 305-359-7530
,"HVAC MASTERS FL, LLC","Miami, Florida",3,,+1 305-831-1623
,Strong Services USA,"Miami, FL",18,,
,Degree of Comfort LLC,"Key Largo, Florida",47,solutions@degcomfort.com,+1 305-209-9507
,Degree of Comfort LLC,"Key Largo, Florida",47,209-9507emailsolutions@degcomfort.commailing,+1 305-209-9507
,Techno A/C Inc.,"Palmetto Bay, Florida",24,,+1 305-412-7666
,"HVAC MASTERS FL, LLC","Miami, Florida",2,,+1 786-963-4700
,Costa Air Conditioning Inc,"Miami, Florida",4,,+1 305-235-8884
,Richmond's Heating & Air Conditioning Miami,"Miami, Florida",8,,+1 305-686-8788
,Copasetic Mechanical LLC.,"Miami, Florida",110,rconley@cmhvac.com,+1 786-701-9912
,HVAC Multiservices INC,"Miami, Florida",2,,+1 305-484-7528
,Blue Island,"Homestead, Florida",8,,+1 786-295-2320
,Superior Marathon HVAC Experts,"Marathon, Florida",1,,+1 786-937-7054
,First Pro,"Princeton, Florida",7,,+1 786-692-8624
,Heating & Air Conditioning FL,"Miami, Florida",7,,+1 645-215-0390
,AC by GC,"Homestead, Florida",32,,+1 786-239-1210
,Pollux Air Conditioning,"Miami, Florida",549,,+1 786-786-1258
,National Service Pros,"Miami, Florida",666,,+1 305-780-6138
,"Immanuel Air Conditioning, Inc.","Princeton, Florida",152,,+1 305-969-9331
,All Nations AC,"Miami, Florida",68,allnationsac@gmail.comwe,+1 786-333-7307
,Miami Air Conditioning & Duct cleaning inc,"Miami, Florida",50,,+1 305-964-5909
,Miami HVAC Repair,,43,,+1 305-912-2291
,National Comfort,"Homestead, Florida",22,,+1 786-759-5943
,Kendale Air Conditioning,"Miami, Florida",149,,+1 305-232-3000
,Tempzone of South Dade Inc.,"Homestead, Florida",38,,+1 786-253-2655
,SUB ZERO AIR,"Key Largo, Florida",170,,+1 305-852-2100
,Miami Electric & Air Conditioning Corp,"Homestead, Florida",238,,+1 305-916-8916
,Concept HVAC Corp,"Miami, Florida",18,,+1 786-675-8005
,"King Air Conditioning & Refrigeration, llc","Homestead, Florida",39,,+1 786-283-2711
,Cool Breeze Air Conditioning,"Miami, Florida",171,service@cool-breezeac.com,+1 305-226-2665
,Arctic Fox Cooling Services Jupiter,"Jupiter, Florida",105,,+1 561-266-5369
,Kool Air Conditioning & Refrigeration Maintenance Corp,"Miami, Florida",17,,+1 786-448-4704
,Quality Breeze Air Conditioning Inc,"Miami, Florida",170,,+1 888-393-5725
,Hvac mechanical & plumbing,"Miami, FL",42,,+1 305-878-5078
,Island Air Control,"Islamorada, Florida",28,office@islandaircontrol.com,+1 305-852-4042
,DUNY AIR CONDITIONING,"Homestead, Florida",33,,+1 786-458-9868
,Rocket Cooling,"Marathon, Florida",168,,+1 305-707-6713
,Panther Air Conditioning And Electric,"Miami, Florida",315,,+1 786-228-8777
,Amg Heating & Cooling CO,"Homestead, Florida",5,,+1 786-822-7731
,Pricer Air Comfort Management Corp.,"Miami, Florida",34,,+1 786-867-6474
,Quality Furnace Repairs,,33,,+1 305-680-3668
,Divino Air LLC,"Homestead, Florida",87,,+1 305-258-4916
,"AIR TODAY A/C & PLUMBING, INC",,39,,+1 954-588-6048
,JASCKO HQ | HVAC Solutions,"Miami, Florida",2,,+1 305-278-8523
,Traditional HVAC Heating,"Miami, FL",6,,+1 786-610-3786
,Precision Kitchen and AC Solutions,,1,,+1 954-744-0434
,Supreme HVAC Control And Repair,"Miami, Florida",2,,+1 786-937-8899
,PRO AC Repair Cooling Solutions,"Miami, Florida",1,,+1 645-238-2896
,Evo air,"Miami, Florida",35,,+1 305-760-9386
,Gemaire Distributors,"Miami, Florida",32,,+1 305-254-3959
,AC Repair near me Pro HVAC,"Miami, Florida",5,,+1 786-686-7808
,Cutler Bay AC Repair,"Cutler Bay, Florida",39,,+1 786-756-0622
,TempVac Air Conditioning,"Miami, Florida",1,,+1 786-262-9721
,All Dade Air Conditioning,"Miami, Florida",23,,+1 305-278-8833
,Fresh Air Conditioning & Heating Miami,"Miami, Florida",0,,+1 305-330-1870
,AC by SC,"Miami, Florida",6,,+1 786-849-5252
,Master Cooling Contractors LLC,,5,,+1 305-227-2665
,AC Repair Innovators,"Miami, Florida",8,,+1 786-882-9095
,AIM COOLING AND HEATING,,2,,+1 786-234-4410
,"Mechanical Air Design, Inc",,1,,+1 561-547-7938
,"Omar & Sons Services, Inc",,2,,+1 305-688-4949
,Sears Heating and Air Conditioning,"Miami, Florida",14,,+1 754-315-1534
,Rivas Air Conditioning,"Miami, Florida",7,ar@rivasair.com,+1 877-748-2724
,Rivas Air Conditioning,"Miami, Florida",7,usar@rivasair.com,+1 877-748-2724
,"Doing Service, LLC","Miami, Florida",11,,+1 786-816-0001
,Southern Quality Air Conditioning,,10,,+1 305-713-2075
,Aqua West Air Conditioning & Heating,"Homestead, Florida",0,logan@aquawesthvacsvs.com,+1 305-433-5647
,Air Now,"Key Largo, Florida",11,,+1 305-684-7971
,Refricenter South | HVAC Supply,"Miami, Florida",23,,+1 305-251-9675
,Reliable Contractors Group,"Miami, Florida",0,jrdiaz@reliablecgroup.com,+1 305-599-8186
,Pursuit Air Management,,7,,+1 305-731-5885
,ColdUrbano AC Repairs,"Miami, Florida",1,,+1 786-982-6918
,First Choice Mechanical LLC,"Cutler Bay, Florida",3,stephany@first-choice-mechanical.com,+1 754-225-7221
,Upper Keys A/C,,8,,+1 305-587-7378
