{
  "US": {
    "name": "United States",
    "states": [
      {
        "code": "FL",
        "name": "Florida",
        "cities": [
          "Miami", "Orlando", "Tampa", "Jacksonville", "Fort Lauderdale", "Tallahassee", "West Palm Beach", "Sarasota", "Naples", "Pensacola"
        ],
        "postalCodes": [
          "33101", "33102", "33109", "33110", "33111", "33112", "33114", "33116", "33119", "33122",
          "33125", "33126", "33127", "33128", "33129", "33130", "33131", "33132", "33133", "33134",
          "33135", "33136", "33137", "33138", "33139", "33140", "33141", "33142", "33143", "33144",
          "33145", "33146", "33147", "33149", "33150", "33151", "33152", "33153", "33154", "33155",
          "33156", "33157", "33158", "33159", "33160", "33161", "33162", "33163", "33164", "33165",
          "33166", "33167", "33168", "33169", "33170", "33172", "33173", "33174", "33175", "33176",
          "33177", "33178", "33179", "33180", "33181", "33182", "33183", "33184", "33185", "33186",
          "33187", "33189", "33190", "33193", "33194", "33195", "33196", "33197", "33198", "33199",
          "32801", "32802", "32803", "32804", "32805", "32806", "32807", "32808", "32809", "32810",
          "33601", "33602", "33603", "33604", "33605", "33606", "33607", "33608", "33609", "33610"
        ]
      },
      {
        "code": "CA",
        "name": "California",
        "cities": [
          "Los Angeles", "San Francisco", "San Diego", "San Jose", "Sacramento", "Oakland", "Fresno", "Long Beach", "Santa Ana", "Anaheim"
        ],
        "postalCodes": [
          "90001", "90002", "90003", "90004", "90005", "90006", "90007", "90008", "90009", "90010",
          "90011", "90012", "90013", "90014", "90015", "90016", "90017", "90018", "90019", "90020",
          "94102", "94103", "94104", "94105", "94107", "94108", "94109", "94110", "94111", "94112",
          "92101", "92102", "92103", "92104", "92105", "92106", "92107", "92108", "92109", "92110"
        ]
      },
      {
        "code": "NY",
        "name": "New York",
        "cities": [
          "New York", "Buffalo", "Rochester", "Albany", "Syracuse", "Yonkers", "Utica", "New Rochelle", "Mount Vernon", "Schenectady"
        ],
        "postalCodes": [
          "10001", "10002", "10003", "10004", "10005", "10006", "10007", "10009", "10010", "10011",
          "10012", "10013", "10014", "10016", "10017", "10018", "10019", "10020", "10021", "10022"
        ]
      },
      {
        "code": "TX",
        "name": "Texas",
        "cities": [
          "Houston", "San Antonio", "Dallas", "Austin", "Fort Worth", "El Paso", "Arlington", "Corpus Christi", "Plano", "Laredo"
        ],
        "postalCodes": [
          "77001", "77002", "77003", "77004", "77005", "77006", "77007", "77008", "77009", "77010",
          "78201", "78202", "78203", "78204", "78205", "78206", "78207", "78208", "78209", "78210"
        ]
      },
      {
        "code": "IL",
        "name": "Illinois",
        "cities": [
          "Chicago", "Aurora", "Rockford", "Joliet", "Naperville", "Springfield", "Peoria", "Elgin", "Waukegan", "Cicero"
        ],
        "postalCodes": [
          "60601", "60602", "60603", "60604", "60605", "60606", "60607", "60608", "60609", "60610"
        ]
      }
    ]
  },
  "common": [
    "New York, NY",
    "Los Angeles, CA",
    "Chicago, IL",
    "Houston, TX",
    "Phoenix, AZ",
    "Philadelphia, PA",
    "San Antonio, TX",
    "San Diego, CA",
    "Dallas, TX",
    "San Jose, CA",
    "Austin, TX",
    "Jacksonville, FL",
    "Fort Worth, TX",
    "Columbus, OH",
    "Charlotte, NC",
    "San Francisco, CA",
    "Indianapolis, IN",
    "Seattle, WA",
    "Denver, CO",
    "Boston, MA"
  ]
}

